{"cameraMode":{"drawMode":0,"name":"Shaded","section":"Shading Mode"},"sceneLighting":false,"audioPlay":false,"sceneViewState":{"showFog":true,"showMaterialUpdate":false,"showSkybox":false,"showFlares":true,"showImageEffects":true,"showParticleSystems":true},"in2DMode":false,"pivot":{"x":14.746225357055664,"y":10.121106147766114,"z":-5.338963508605957},"rotation":{"x":-0.04622822627425194,"y":-0.48959314823150637,"z":0.02550506591796875,"w":-0.8706276416778565},"size":10.0,"orthographic":false}