{"cameraMode":{"drawMode":0,"name":"Shaded","section":"Shading Mode"},"sceneLighting":false,"audioPlay":false,"sceneViewState":{"showFog":true,"showMaterialUpdate":false,"showSkybox":false,"showFlares":true,"showImageEffects":true,"showParticleSystems":true},"in2DMode":false,"pivot":{"x":2.022554636001587,"y":1.493708848953247,"z":2.4371111392974855},"rotation":{"x":0.11764075607061386,"y":-0.8814870119094849,"z":0.30534863471984866,"w":0.3409556448459625},"size":0.657124400138855,"orthographic":false}