{"cameraMode":{"drawMode":0,"name":"Shaded","section":"Shading Mode"},"sceneLighting":false,"audioPlay":false,"sceneViewState":{"showFog":true,"showMaterialUpdate":false,"showSkybox":false,"showFlares":true,"showImageEffects":true,"showParticleSystems":true},"in2DMode":false,"pivot":{"x":-0.2062070369720459,"y":3.172947406768799,"z":-2.955411434173584},"rotation":{"x":0.2988494038581848,"y":-0.6112782955169678,"z":0.2677120268344879,"w":0.6823156476020813},"size":1.2247449159622193,"orthographic":false}