{"cameraMode":{"drawMode":0,"name":"Shaded","section":"Shading Mode"},"sceneLighting":false,"audioPlay":false,"sceneViewState":{"showFog":true,"showMaterialUpdate":false,"showSkybox":false,"showFlares":true,"showImageEffects":true,"showParticleSystems":true},"in2DMode":false,"pivot":{"x":0.2643873691558838,"y":-0.08301752805709839,"z":0.08052413910627365},"rotation":{"x":-0.3798919916152954,"y":-0.540151059627533,"z":0.29660889506340029,"w":-0.6901311278343201},"size":0.32345855236053469,"orthographic":false}